classification,avg_total_pnl,avg_pnl_per_trade,avg_pnl_per_volume,avg_trade_count,avg_win_rate
Extreme Fear,52793.589177857146,38.433903439293466,0.007883326565050305,1528.5714285714287,0.32734082697603883
Extreme Greed,23817.292198885963,56.7361082796809,0.02103651329321783,350.8070175438597,0.4674238865175576
Fear,36891.81804002198,31.27656675284989,0.010905391563975892,679.5274725274726,0.3291124444268537
Greed,11140.566181093263,39.41217542422634,0.009812272307490131,260.6373056994819,0.335985537160085
Neutral,19297.323515671644,63.82069932307448,0.008423619896647786,562.4776119402985,0.3318863049006718
